,path,label
0,1/1101/2011/07b90decb92ba6,1
1,1/1101/2011/2272c7d324cf79,7
2,1/1101/2011/3a62131af5fe8e,4
3,1/1101/2011/5133ca181b82af,2
4,1/1101/2011/6632ec1c2f7f87,8
5,1/1101/2011/67c264ccb6f982,7
6,1/1101/2011/7a6282504fdd2c,1
7,1/1101/2011/8a8a9bc65fab0b,7
8,1/1101/2011/8cef236c1c21c4,6
9,1/1101/2011/916ce33e9be813,2
10,1/1101/2011/a2b94dda8e9630,6
11,1/1101/2011/a476ea5838ce2b,1
12,1/1101/2011/adb149361578ad,1
13,1/1101/2011/b19e774ce016a1,8
14,1/1101/2011/c88f6cc28d05a9,5
15,1/1101/2011/cf56202f4dc511,8
16,1/1101/2011/dd8d3efe9b0695,7
17,1/1101/2011/f0a3db2b9f8be9,4
18,1/1102/2011/12226a5418fcff,1
19,1/1102/2011/59b4911904c8d3,4
20,1/1102/2011/602de0afa91b7e,8
21,1/1102/2011/62305978fd280c,8
22,1/1102/2011/919ff82bf6d72e,7
23,1/1102/2011/be2d8dec502487,2
24,1/1102/2011/c39121138aedfe,8
25,1/1102/2011/ea3f1074452fc6,1
26,1/1102/2011/f5e658f82a0b2c,8
27,1/1102/2012/2b7e22718a70b2,7
28,1/1102/2012/4a12e2acda627c,5
29,1/1102/2012/88033a30c74ec0,7
30,1/1103/2011/02a39da5d64292,2
31,1/1103/2011/036371640e5a26,5
32,1/1103/2011/038d44fa75d4a3,1
33,1/1103/2011/0839000a8ad8c8,7
34,1/1103/2011/13d4ee0d87216b,8
35,1/1103/2011/1a181baee56de8,4
36,1/1103/2011/274d745c220d62,5
37,1/1103/2011/279e8cfa89bdec,6
38,1/1103/2011/5489648f0d838c,5
39,1/1103/2011/5a3522a1e25443,4
40,1/1103/2011/61a3dc35238e0e,2
41,1/1103/2011/668e666e188885,2
42,1/1103/2011/67fa87b2441e35,4
43,1/1103/2011/74a457463564f3,5
44,1/1103/2011/80c5e601281a07,2
45,1/1103/2011/8b56ed5a76c5ec,6
46,1/1103/2011/8d19ad7c3cc531,8
47,1/1103/2011/a2221f08e0383e,7
48,1/1103/2011/a52cf3643b839f,1
49,1/1103/2011/a5bbdb6b7bf8c7,1
50,1/1103/2011/d2d9f60f419039,7
51,1/1103/2013/451aaa83c09e76,6
52,1/1103/2013/4dc25a3af47177,8
53,1/1103/2013/d2db1ea26ab012,1
54,1/1103/2015/066f48aad29a7a,5
55,1/1103/2015/32127e81a63285,7
56,1/1103/2015/553dd8b5b5c76a,7
57,1/1103/2015/aa824e6c84e019,5
58,1/1104/2010/37b1b3a2bc39db,7
59,1/1104/2010/49b0c037f7cbe1,5
60,1/1105/2011/1665cd6b2013b5,7
61,1/1105/2011/33587cdee4a967,5
62,1/1105/2011/40e0a243c66559,7
63,1/1105/2011/5d5a7519b69352,8
64,1/1105/2011/8dfa76acfc5319,6
65,1/1105/2011/cdff7b07e9a467,7
66,1/1105/2011/f3ef190cd3b733,5
67,1/1106/2009/89e43e81fc82df,7
68,1/1106/2009/904478653c497a,6
69,1/1106/2009/bf8a93922ab42a,7
70,1/1106/2009/c678e70a71b7f1,5
71,1/1107/2010/132ebb1273d7d8,7
72,1/1107/2010/2ae457012751c7,7
73,1/1107/2010/67fbe79aa59b42,5
74,1/1107/2011/0c8b0936dca50f,8
75,1/1107/2011/3cf2a52d8bf782,5
76,1/1107/2011/479ec03083aca8,4
77,1/1107/2011/81b72c79de4955,2
78,1/1107/2011/84303536b864ce,2
79,1/1107/2011/997671defb0922,7
80,1/1107/2011/a2c58fb8d83ac4,3
81,1/1107/2011/b3ef010f41cdf8,8
82,1/1107/2011/e14ee7975850e1,7
83,1/1107/2011/f289f8c3d427c3,5
84,1/1107/2011/f31b343ec3b50c,4
85,1/1107/2011/fa926e82f67484,1
86,1/1108/2010/23367800704bfb,6
87,1/1108/2010/c88e62cf220fbe,5
88,1/1108/2010/d6d88146f64747,7
89,1/1108/2010/e3fd8a498f7a30,7
90,1/1109/2011/0e33c11fbe2cf9,7
91,1/1109/2011/291c96170e6653,8
92,1/1109/2011/2d3c284be7e25a,7
93,1/1109/2011/415f18523c35ff,6
94,1/1109/2011/57da0f687eec26,7
95,1/1109/2011/bc43e523c20b76,6
96,1/1109/2011/f8eb2e897646df,8
97,1/1109/2011/fef8a5b1fd7169,5
98,1/1110/2011/0a98dbebbf6a74,7
99,1/1110/2011/38293ea66fcd61,6
100,1/1110/2011/51acc6cf38c6f2,8
101,1/1110/2011/81cd6b67b42822,7
102,1/1110/2011/85fbb99410b5b7,2
103,1/1110/2011/e5eb4669b7d064,1
104,1/1110/2012/273221bcdde892,5
105,1/1110/2012/4bf9a6485bd0e8,6
106,1/1110/2012/9ceef5d159b81c,8
107,1/1110/2012/9d7df256384326,7
108,1/1110/2012/bf4e7044fb408f,7
109,1/1110/2012/c03223d5aa37f7,5
110,1/1110/2012/e130c0a674dc0c,2
111,1/1110/2012/e6e7f31a98a43e,6
112,1/1110/2012/ff1db6eb99b9f5,7
113,1/1112/2013/032f78c3ae5c87,4
114,1/1112/2013/16179e5d599552,8
115,1/1112/2013/1ae9f749a938af,1
116,1/1112/2013/2f33f81b8d9f85,8
117,1/1112/2013/4e5f8ddc7edd1f,7
118,1/1112/2013/5551a55b9fc425,8
119,1/1112/2013/5ce16779bf61ba,7
120,1/1112/2013/6c95838af26906,8
121,1/1112/2013/6ca7eece3f17e2,7
122,1/1112/2013/78a042032da977,7
123,1/1112/2013/e50f5ef1335521,4
124,1/1112/2013/eff4ffbbf122d6,1
125,1/1113/2012/1734863b5d9d68,6
126,1/1113/2012/2ae37e0a36fc9b,7
127,1/1113/2012/423d31006e3fa3,5
128,1/1113/2012/5699cdbb3cc1f5,5
129,1/1113/2012/5c496936e24eda,8
130,1/1113/2012/904c53eeb1238c,8
131,1/1113/2012/ca5f4bc935c450,6
132,1/1113/2012/f034a0e23f2a1e,7
133,10/1309/2013/033fc6e7ff5a2b,2
134,10/1309/2013/0383df25e1dd0c,4
135,10/1309/2013/18775c62f78c50,2
136,10/1309/2013/2b9af75883f8f2,1
137,10/1309/2013/457a0a59ee0aa8,7
138,10/1309/2013/5c9ac85009919a,4
139,10/1309/2013/6368db885d0e48,8
140,10/1309/2013/6648df4f850cc8,3
141,10/1309/2013/67069b4b82cabc,3
142,10/1309/2013/92ed010d933e37,4
143,10/1309/2013/a1bf1f0faaca43,7
144,10/1309/2013/bb2eed181ad2c1,3
145,10/1309/2013/de5730046a3504,2
146,10/1309/2013/de99ae0f34f507,2
147,10/1309/2013/e7ac0aaeabe76c,3
148,100/209/2009/0ff9e9b49c52cd,1
149,100/209/2009/103597e5e5f4c7,2
150,100/209/2009/1cb896f2a1632f,5
151,100/209/2009/35bc7056ec3f25,5
152,100/209/2009/398aad9e2ab271,4
153,100/209/2009/3b53a55b044ac7,8
154,100/209/2009/3ddf47bd40a550,5
155,100/209/2009/4ca168528b4de1,1
156,100/209/2009/52fea7741bb659,7
157,100/209/2009/66629c8f8545cf,6
158,100/209/2009/6c299ae6f305e1,3
159,100/209/2009/6f021db7eeafbe,2
160,100/209/2009/7dee1114e841d6,4
161,100/209/2009/7f81c0cea32ce2,8
162,100/209/2009/9472569c3d7e73,1
163,100/209/2009/95961000e0c99e,8
164,100/209/2009/9a854cf20f8956,7
165,100/209/2009/9dfaecad178118,7
166,100/209/2009/9f0fb5ac083aa2,2
167,100/209/2009/a6dd6ac174d71b,6
168,100/209/2009/b5c9d9f56643be,8
169,100/209/2009/b7764c95750104,8
170,100/209/2009/d352c682a079d5,2
171,100/209/2009/d56fe6f4e1a466,5
172,100/209/2009/e7844eda6f28d4,5
173,100/209/2009/ec1144aa7d45ad,7
174,100/209/2009/f5a199fcbc1e45,7
175,100/209/2009/f85cd49920dddb,2
176,100/209/2009/fa0cfe40970e9c,1
177,100/209/2011/04a4fad005dfc2,8
178,100/209/2011/14cadd80154fb4,1
179,100/209/2011/4028f79fd9406e,3
180,100/209/2011/45ba751b33722f,7
181,100/209/2011/4efbfce6735586,8
182,100/209/2011/4f9562d48e6b94,6
183,100/209/2011/53a96381192b85,7
184,100/209/2011/64ef01a83daabf,5
185,100/209/2011/7057672e6a37d4,3
186,100/209/2011/7ad8b45ab8f866,8
187,100/209/2011/8266df7be5666c,4
188,100/209/2011/904eeae91733f2,1
189,100/209/2011/937b966781bdb5,6
190,100/209/2011/a5d6b8b25a6d89,7
191,100/209/2011/a704a2cec80d44,1
192,100/209/2011/a7f2bc8ab3d0d1,2
193,100/209/2011/b14bbf55a689e8,2
194,100/209/2011/b6976f66fc3a7e,5
195,100/209/2011/bf32c8839a807a,5
196,100/209/2011/c43604e4e752f9,6
197,100/209/2011/c50e3671bdf2ea,4
198,100/209/2011/d4bd21ddb0d303,2
199,100/209/2011/dfb71bdced83a9,4
200,100/209/2011/f5c7fe0cc08a3f,3
201,100/209/2013/077abc3e172150,8
202,100/209/2013/104a799b652c4d,4
203,100/209/2013/265475192ee0c2,6
204,100/209/2013/26c544f7c3195f,4
205,100/209/2013/28f416f7236fac,3
206,100/209/2013/358e1af6796016,7
207,100/209/2013/414964613ab6ff,2
208,100/209/2013/4a7721d13fc9c6,3
209,100/209/2013/564255831610c2,8
210,100/209/2013/66a6439f1346e4,2
211,100/209/2013/81b2682dfb6905,3
212,100/209/2013/8488baf2ac8fbf,7
213,100/209/2013/863d285d4dca71,1
214,100/209/2013/87b544d930f580,5
215,100/209/2013/87f73030f4b95e,7
216,100/209/2013/8c4156df492cb9,6
217,100/209/2013/94cb3f86330143,1
218,100/209/2013/a2af5a9c04f682,2
219,100/209/2013/ba5074ccd06f06,5
220,100/209/2013/bfc4d95723569a,8
221,100/209/2013/c1eadbe7e122ce,1
222,100/209/2013/c6ebf33069f9cf,7
223,100/209/2013/c84a9c72575707,6
224,100/209/2013/c8d53f5109eb50,1
225,100/209/2013/ce0a0e8b08e301,4
226,100/209/2013/d93bbffa076ef5,1
227,100/209/2013/f0a4c8390223ba,5
228,100/209/2013/f823447b5a666c,7
229,100/209/2014/0aa816788dafa6,2
230,100/209/2014/4ca2448196aca0,1
231,100/209/2014/7a4f36cb9998e4,4
232,100/209/2014/7b2a4e5cc7454e,7
233,100/209/2014/8179368b662d86,8
234,100/209/2014/cb00a9d6f6448e,2
235,100/209/2014/ce48b5f8968710,7
236,100/209/2014/ddc7fcb3bf3a77,1
237,100/209/2014/ee4f1a5485491a,8
238,100/209/2014/fcde41ad17282c,6
239,100/209/2015/07399a2c00ccc4,6
240,100/209/2015/0fa4037ebe610d,7
241,100/209/2015/27ce5001b38cfe,7
242,100/209/2015/33b5af56bac56e,8
243,100/209/2015/37133267b9522d,5
244,100/209/2015/3d6f0d6130baef,4
245,100/209/2015/3ec7dd5252d3bf,4
246,100/209/2015/4237310b992acc,2
247,100/209/2015/43d134f1d731ff,1
248,100/209/2015/51f7645f11c171,4
249,100/209/2015/5df15c08c7dd64,7
250,100/209/2015/61fa5bc11f375d,1
251,100/209/2015/62654bc992aa87,7
252,100/209/2015/6e3c28c8f1d1f3,6
253,100/209/2015/6e3c5d900a6eff,3
254,100/209/2015/70cfed6883a6d7,2
255,100/209/2015/7213cf7230708e,3
256,100/209/2015/78b6588c1bf114,6
257,100/209/2015/795bf6edd6579a,5
258,100/209/2015/9a8c5bc019892a,1
259,100/209/2015/9cd7ab6bab46a2,6
260,100/209/2015/b2a00c4bb184e5,8
261,100/209/2015/b67c43dce0c556,2
262,100/209/2015/bb1b4bc8ad164d,8
263,100/209/2015/d5666cdd942219,7
264,100/209/2015/e85afaca9d0972,2
265,100/209/2015/ed61efe68886f9,8
266,100/209/2015/ef4ed8481373c1,1
267,100/209/2015/fa007ad67f5292,8
268,100/209/2015/fbd47d2808393b,5
269,100/210/2009/0092d58c16a876,4
270,100/210/2009/160cc3fa51701e,8
271,100/210/2009/1667713357a512,5
272,100/210/2009/26826ce8f1eb9e,6
273,100/210/2009/2edfa525355999,1
274,100/210/2009/36e2c0690e16c0,7
275,100/210/2009/4945f8d0b25326,4
276,100/210/2009/49e88d6e192080,1
277,100/210/2009/4b339a0f448123,8
278,100/210/2009/4d8fe243c42d37,7
279,100/210/2009/4e9fa014f59835,5
280,100/210/2009/561d05e6d40c86,2
281,100/210/2009/56fe59ed1ce600,5
282,100/210/2009/5be1adfc84c6cc,4
283,100/210/2009/60e5db501442c7,8
284,100/210/2009/68e7eb04902227,5
285,100/210/2009/704c605d81be95,6
286,100/210/2009/74600497963190,6
287,100/210/2009/77685d53462bc7,2
288,100/210/2009/7cec9192524dde,4
289,100/210/2009/819f0f99b2f2bd,2
290,100/210/2009/8782e20ca7c10e,1
291,100/210/2009/931ce09c8ea69c,1
292,100/210/2009/9e3156ab67a883,8
293,100/210/2009/aff131dc502dba,7
294,100/210/2009/c1ccad53d1cd65,4
295,100/210/2009/c6cc463ea77a57,7
296,100/210/2009/e391ebb37303ff,7
297,100/210/2009/e811125df15d93,1
298,100/210/2009/feda6f0c90ca07,3
299,100/210/2011/1d671c7a2d9e27,2
300,100/210/2011/23ac0101c9d148,7
301,100/210/2011/2b0eeb26df5469,1
302,100/210/2011/385b2cfe205a22,3
303,100/210/2011/92db0298528672,6
304,100/210/2011/9bfe4a5832acca,2
305,100/210/2011/a0b88bfdba63cd,8
306,100/210/2011/a529c1a4d90499,8
307,100/210/2011/acf7a930de1289,1
308,100/210/2011/ad9a36fa6581b9,7
309,100/210/2011/c2903188d81f23,4
310,100/210/2011/f23082fc718029,5
311,100/210/2011/f7d69eb9f4325a,6
312,100/210/2012/03a0e45fe87196,4
313,100/210/2012/0429844e26783f,8
314,100/210/2012/0ccfe17c06782a,1
315,100/210/2012/158746d4d368b4,5
316,100/210/2012/1696bc8ad3c509,1
317,100/210/2012/16de15fc1588f0,1
318,100/210/2012/173407823aa458,7
319,100/210/2012/1e0cd497e6cdd7,8
320,100/210/2012/21c0a746e6bf1a,7
321,100/210/2012/230d6eb7206b51,7
322,100/210/2012/261f9672ed0b11,1
323,100/210/2012/2968ca0d4ebced,4
324,100/210/2012/2bfa692198bd33,2
325,100/210/2012/2f5ecd17d1c642,1
326,100/210/2012/300c3eec938610,7
327,100/210/2012/31d93ddc41aff8,4
328,100/210/2012/3812bf9572f3c6,4
329,100/210/2012/39b95f7215860b,1
330,100/210/2012/3c9ff5e10ebcb3,2
331,100/210/2012/3e9dba1647469e,3
332,100/210/2012/3f38c8b803a6c3,2
333,100/210/2012/4a419833c0e61d,7
334,100/210/2012/4ceb720dd2a461,1
335,100/210/2012/4eaaeb08146243,7
336,100/210/2012/50394823bc960a,5
337,100/210/2012/51e2edeb8caf70,8
338,100/210/2012/5f0fee15afce70,2
339,100/210/2012/61bfdecda3a550,4
340,100/210/2012/68effb8301c5ea,4
341,100/210/2012/698c3eb1d0f409,1
342,100/210/2012/6c4ed09f82b5c0,3
343,100/210/2012/6fc900ebd2e07b,6
344,100/210/2012/7016115ac5017f,6
345,100/210/2012/7cdd537c07fd30,7
346,100/210/2012/7e00620d0a67ca,7
347,100/210/2012/87c69e86be234e,6
348,100/210/2012/8dd666633b7755,8
349,100/210/2012/8f2bdfddce99d1,1
350,100/210/2012/923afb8fefcbba,8
351,100/210/2012/991097861de786,4
352,100/210/2012/9cc3121798c727,1
353,100/210/2012/a1e355f07764e0,4
354,100/210/2012/a89f0794480812,5
355,100/210/2012/a8d2a9a03329bb,7
356,100/210/2012/ae575468afff17,5
357,100/210/2012/b3d276c74830c1,4
358,100/210/2012/b607829c1e6a0a,7
359,100/210/2012/b6101ee9c37935,6
360,100/210/2012/b8606c6829cf50,2
361,100/210/2012/beb631c5fa4be6,7
362,100/210/2012/bfb8a1a6465bba,1
363,100/210/2012/c0c6636d35114b,7
364,100/210/2012/c4d565c6cea9cc,3
365,100/210/2012/c5413168323b13,1
366,100/210/2012/c67af56e155487,4
367,100/210/2012/c70a081cf86b0d,7
368,100/210/2012/c786a24055fe94,2
369,100/210/2012/cecd36e58aafed,3
370,100/210/2012/cfa29573981f1e,5
371,100/210/2012/d3bf0c86818b35,5
372,100/210/2012/d9b958f75cec30,4
373,100/210/2012/dada5fd76a65e0,7
374,100/210/2012/dd964fe9f3c971,1
375,100/210/2012/e38dc7795a5b5f,1
376,100/210/2012/e8023d6b6d9cbd,8
377,100/210/2012/eba716df5f3044,5
378,100/210/2012/edb1729da2e862,1
379,100/210/2012/ef6ed95d45ddbe,7
380,100/210/2012/f526a3ce9c7156,7
381,100/210/2012/f71faa3e05f7dc,4
382,100/210/2012/f80ceb1376597d,2
383,100/210/2012/fd0d96b524d18e,5
384,100/210/2014/80e3538c19791b,7
385,100/210/2014/bd73eb9c4279cb,1
386,100/210/2014/e5e6dbfaf53feb,2
387,100/210/2014/e9fdd42474300e,7
388,100/210/2014/fe33cf558b9c78,4
389,100/211/2011/0740327420266e,5
390,100/211/2011/0c55734d1a96ac,3
391,100/211/2011/0f926e3fca6547,6
392,100/211/2011/1b1cd08562462e,3
393,100/211/2011/1c1310ddd55afa,6
394,100/211/2011/22ff15ed203313,4
395,100/211/2011/2a5b0f68e87ade,8
396,100/211/2011/2f5dce33d58851,5
397,100/211/2011/36de64dfcbf165,4
398,100/211/2011/390f0ff8487483,1
399,100/211/2011/3ce32be8d3c67c,4
400,100/211/2011/4f8770942ba4d7,7
401,100/211/2011/5763b22d53f307,5
402,100/211/2011/6216b7008e351f,1
403,100/211/2011/862f8230c798e1,8
404,100/211/2011/8a726f020abda4,7
405,100/211/2011/8e90731c1c6d3f,7
406,100/211/2011/97f7edb2a1ea4c,2
407,100/211/2011/a92281c217a201,6
408,100/211/2011/b246b9ac486597,7
409,100/211/2011/b887eb0b238e39,1
410,100/211/2011/c0b45e4a5ed3b3,7
411,100/211/2011/c6691697c92669,1
412,100/211/2011/d1c3e5768af130,8
413,100/211/2011/d3ad0faf6e29a6,2
414,100/211/2011/d710e24e29d242,2
415,100/211/2012/0478ce8e218f3c,1
416,100/211/2012/062d743def785a,8
417,100/211/2012/0adcea7af64183,6
418,100/211/2012/154dfa0f2626c7,2
419,100/211/2012/1bc089c2f8e61b,5
420,100/211/2012/210881f5a5be26,6
421,100/211/2012/2b837132e9f47b,1
422,100/211/2012/44f606689b07cb,2
423,100/211/2012/4604e4b067024d,3
424,100/211/2012/4e715f4c659829,6
425,100/211/2012/5dd50d907851e7,7
426,100/211/2012/5f70725002499e,2
427,100/211/2012/656456ce8d8ec4,7
428,100/211/2012/66a41c05d6a519,4
429,100/211/2012/718ac24fdeb0b1,3
430,100/211/2012/8e23c2d7310032,1
431,100/211/2012/8f124cedd64d80,7
432,100/211/2012/a1f903849a50e7,3
433,100/211/2012/a884e937effbdc,8
434,100/211/2012/b0202281d724a1,5
435,100/211/2012/b294f935712384,5
436,100/211/2012/be24471fd1b1a9,4
437,100/211/2012/cea79cfc5a6ae1,2
438,100/211/2012/d9dbddadacdada,8
439,100/211/2012/df87f906005fe8,1
440,100/211/2012/e8f9f7b90902b9,7
441,100/211/2012/e93c3979bee3f8,4
442,100/211/2013/11133bc3fbd724,7
443,100/211/2013/59ca3d629b3fab,5
444,100/211/2013/94b7d4539a17a2,2
445,100/211/2013/b0a867771101d0,1
446,100/211/2013/f12e1276172293,6
447,100/211/2014/0670c434b84f19,3
448,100/211/2014/074744c0baf1dd,5
449,100/211/2014/10bbb4e3ddef91,1
450,100/211/2014/17ee98a15ef39e,4
451,100/211/2014/1f92238c80a84a,2
452,100/211/2014/2fc6ffe5e4d00b,1
453,100/211/2014/33323772b3dfea,7
454,100/211/2014/347e8b8a4e9d79,5
455,100/211/2014/37241c54b7b8ab,2
456,100/211/2014/37ea9a06273226,2
457,100/211/2014/3b176af4530097,1
458,100/211/2014/3c0e360b7b33cd,3
459,100/211/2014/3e2bf27d40e27a,7
460,100/211/2014/432bc98bbc7247,4
461,100/211/2014/495c78d8a05120,8
462,100/211/2014/4967359107dba3,5
463,100/211/2014/4f91b60ea721a4,7
464,100/211/2014/5062145cb8aad9,8
465,100/211/2014/53a4cd0eb4b99f,2
466,100/211/2014/55efae4f70e290,5
467,100/211/2014/5f99b58a6bb95e,8
468,100/211/2014/6fda89f5ba7965,6
469,100/211/2014/710dd93ac9ae8e,3
470,100/211/2014/732c83a9c92667,6
471,100/211/2014/78a4c6331c7d1e,4
472,100/211/2014/7ed257144fcef6,4
473,100/211/2014/8864fef98d4c63,5
474,100/211/2014/889b327bbc9fc0,7
475,100/211/2014/96e50ee1436ff1,4
476,100/211/2014/99739c2964d219,1
477,100/211/2014/9c356667178655,7
478,100/211/2014/9ce5ca63a0b1ca,5
479,100/211/2014/9d692a67ef6ab0,7
480,100/211/2014/9fbaf4a2715f6e,4
481,100/211/2014/a3d26eb244a437,1
482,100/211/2014/a920ae289fc479,1
483,100/211/2014/aa5603c38651dd,8
484,100/211/2014/aa8a235e2aa96e,2
485,100/211/2014/ad6b079bc893fc,5
486,100/211/2014/adc8b1afe12bb0,5
487,100/211/2014/b2994ba9311685,7
488,100/211/2014/b57905449d2010,2
489,100/211/2014/bd77e96497440c,4
490,100/211/2014/be6f80d0f33f2b,5
491,100/211/2014/c2e1d354dba500,6
492,100/211/2014/c3c421489c4977,4
493,100/211/2014/cc8755be068fe9,5
494,100/211/2014/d04814b193e969,2
495,100/211/2014/d31dd752f7c30a,3
496,100/211/2014/d4173d01e3c74d,8
497,100/211/2014/d43b245bfe8727,5
498,100/211/2014/d7c643e5590a23,1
499,100/211/2014/dbfe3fc676ae02,7
500,100/211/2014/df77ec0f0a649d,7
501,100/211/2014/e547d0e3e4119b,3
502,100/211/2014/e9ab315ff0c767,4
503,100/211/2014/ea6683158daf6f,6
504,100/211/2014/ee4a94dbc1975d,7
505,100/211/2014/ee5f3652a6f745,7
506,100/211/2014/ee63933bb33c40,1
507,100/211/2014/efd348e7f6d63e,1
508,100/211/2014/f070044b999baf,2
509,100/212/2013/011a3799dde8cd,2
510,100/212/2013/068a560b079b3e,1
511,100/212/2013/092ceed00f2ecf,6
512,100/212/2013/0a322b2fbce8a6,5
513,100/212/2013/0bbaea62ebce54,8
514,100/212/2013/0bc5fa59e1b1cc,6
515,100/212/2013/0d1a2d7a11eec0,5
516,100/212/2013/128c5b608c8e8d,5
517,100/212/2013/1401f0efc0bee1,6
518,100/212/2013/19d8c577d2cb4f,7
519,100/212/2013/1cc7339a4551b9,5
520,100/212/2013/214ebb2b3e0a35,6
521,100/212/2013/24bbb29d844b44,1
522,100/212/2013/26ab8f3aad163b,7
523,100/212/2013/2736f8a2bdbc5b,7
524,100/212/2013/27d54b83e827a8,6
525,100/212/2013/28274242ead094,1
526,100/212/2013/2a21b7c6fe4adc,8
527,100/212/2013/2d00f181cb007b,5
528,100/212/2013/2d219005eb686a,1
529,100/212/2013/2e23fd55a3730d,6
530,100/212/2013/2f44bba592c916,3
531,100/212/2013/319ee770971176,7
532,100/212/2013/3436fab37a2808,7
533,100/212/2013/35492a8cc497f4,1
534,100/212/2013/3815150a892d62,3
535,100/212/2013/382acc818ef07c,7
536,100/212/2013/39da4b6bbbf59b,6
537,100/212/2013/3d4bbfb43beaa9,1
538,100/212/2013/3d92baf54998d5,2
539,100/212/2013/3e0982e1e84eac,4
540,100/212/2013/3ec55e67d4abc2,7
541,100/212/2013/420fdefc5f8f53,1
542,100/212/2013/42484dbed7eca4,2
543,100/212/2013/47e3d03588a079,6
544,100/212/2013/481aacf98bf480,7
545,100/212/2013/4b0c45b2a902c5,2
546,100/212/2013/5265d6de9dedd1,3
547,100/212/2013/5337d9156877db,8
548,100/212/2013/54ba3b34b9ed6a,7
549,100/212/2013/5596fd7a2bb93d,7
550,100/212/2013/5ec022e06a07a0,7
551,100/212/2013/65002d19383832,3
552,100/212/2013/6760cd9840a41e,1
553,100/212/2013/6b7bc4cab43712,1
554,100/212/2013/6f00b74a0cedfb,5
555,100/212/2013/6fbffeaa241871,7
556,100/212/2013/7001230d5ab713,4
557,100/212/2013/72ad55495329e7,8
558,100/212/2013/77723dfe5b6415,4
559,100/212/2013/7d0fdb57a82551,1
560,100/212/2013/7dcfd9bd5b8c4e,8
561,100/212/2013/7fad634e42ca50,1
562,100/212/2013/803cefd29a35cd,4
563,100/212/2013/858c43232a1144,8
564,100/212/2013/945c419861801e,8
565,100/212/2013/957efee8fdee80,1
566,100/212/2013/959735e33aa7cb,2
567,100/212/2013/96d7fafaf5cbf1,7
568,100/212/2013/9adae8cbce8196,5
569,100/212/2013/9b240eaa94bc71,3
570,100/212/2013/9c674139a64d3e,7
571,100/212/2013/a0ff4c42de5f59,6
572,100/212/2013/a34bf8d95d47d2,4
573,100/212/2013/a3af7697940a25,4
574,100/212/2013/a458741e94b250,4
575,100/212/2013/a7ef95dd4cc8af,6
576,100/212/2013/a838c234de2b1c,1
577,100/212/2013/a8fc2b2cc165cc,7
578,100/212/2013/a905110288974d,6
579,100/212/2013/ab4c5c5b8fa5b8,1
580,100/212/2013/aeec1eea981b1d,3
581,100/212/2013/b1e2b5f8585e40,6
582,100/212/2013/b3b8c94a8409f1,8
583,100/212/2013/b3f4dae242a232,4
584,100/212/2013/b4be0ae6adacfb,6
585,100/212/2013/b6b0824dfb89fc,5
586,100/212/2013/beea846c40fdb8,5
587,100/212/2013/cbf27ffa78f419,4
588,100/212/2013/cc8c73b8e33b1f,4
589,100/212/2013/ce5e07fea6e0e6,5
590,100/212/2013/cfb1c5546eae83,1
591,100/212/2013/d1dd701ada8647,4
592,100/212/2013/d2eba30eced3f7,6
593,100/212/2013/d5c9ab3a458eb7,2
594,100/212/2013/d68ba7cc202cc4,7
595,100/212/2013/d745b3a029fa86,6
596,100/212/2013/da9907047cbd47,3
597,100/212/2013/db2a0d1917bece,3
598,100/212/2013/dcc0b9da9523f1,7
599,100/212/2013/eaaa5d6afb845b,8
600,100/212/2013/f10832f5900072,6
601,100/212/2013/f28bdd0f412358,6
602,100/212/2013/f3c241af9f5ade,7
603,100/212/2013/f684b31c053208,7
604,100/212/2013/fae1da6f5c90e0,5
605,100/212/2013/fd0eaa79e1e9c8,3
606,100/212/2013/ffccd3a57fa164,4
607,100/212/2015/07cf842c0a5382,7
608,100/212/2015/0e473fb4010f35,8
609,100/212/2015/113c56398a10df,6
610,100/212/2015/2597287b935455,1
611,100/212/2015/2c63c65bb3d7bb,1
612,100/212/2015/2f03825231b551,2
613,100/212/2015/41c68e83fd2ceb,7
614,100/212/2015/43fab7a99d74ff,4
615,100/212/2015/4809de64bd9d26,4
616,100/212/2015/543462a50624ec,5
617,100/212/2015/725fe8d5b81303,8
618,100/212/2015/9af232980ec1e5,1
619,100/212/2015/bb0ca3b5e7f097,5
620,100/212/2015/bc2e619b1a3bc9,5
621,100/212/2015/c8d2305d75c6f5,2
622,100/212/2015/cf9d13c3f32e46,7
623,100/212/2015/d11b53bdead37f,2
624,100/212/2015/d2ac17b31ad07d,5
625,100/212/2015/f0625d3676dad5,4
626,100/212/2015/f437255476a46e,3
627,100/213/2010/08417a0b0a8832,4
628,100/213/2010/26fc7c65baae6a,4
629,100/213/2010/27bb6c344896a5,6
630,100/213/2010/528a5d54fbe8d2,5
631,100/213/2010/5310bae31c5119,1
632,100/213/2010/693376b50670b7,1
633,100/213/2010/698dbdf1deb83b,2
634,100/213/2010/736dbf0839a511,8
635,100/213/2010/7f7e6647839db5,7
636,100/213/2010/a8dae407076090,4
637,100/213/2010/a9a74b415acab9,8
638,100/213/2010/ac00c1dda5273e,5
639,100/213/2010/ae00c6e388aed5,2
640,100/213/2010/b6eb5e71271a87,1
641,100/213/2010/e696a2aa1a00d2,6
642,100/213/2010/e6bf9fc4b29485,7
643,100/213/2010/e706ca0b8fa28a,7
644,100/213/2011/058355c126c7fc,5
645,100/213/2011/1d000256d5892a,2
646,100/213/2011/2723f98887d7b1,7
647,100/213/2011/2949081fcd3407,4
648,100/213/2011/3b9498f11e7151,8
649,100/213/2011/40ee80a73bc71b,6
650,100/213/2011/4dcb13a6c06450,3
651,100/213/2011/5876cb28c72c4a,4
652,100/213/2011/6c58d7360fb506,5
653,100/213/2011/6dacd39011bfbe,5
654,100/213/2011/74c6e0d0f664bc,6
655,100/213/2011/818241ac157035,6
656,100/213/2011/8a85b75ade1f3d,1
657,100/213/2011/94c03ebf41642d,2
658,100/213/2011/a00cd08cabc204,7
659,100/213/2011/a6c28df1b699f7,4
660,100/213/2011/a89deafa73cf47,4
661,100/213/2011/ae493e3dc02cf0,2
662,100/213/2011/c06eb868949c0b,1
663,100/213/2011/c6f79f59f4e138,8
664,100/213/2011/d0e171d1e2a950,7
665,100/213/2011/d456e96452e741,5
666,100/213/2011/d73c794115f1c2,7
667,100/213/2011/dc9c3c958d75af,1
668,100/213/2011/f289ffb921e1c6,8
669,100/213/2012/079fec2060dd9e,6
670,100/213/2012/2754e8fc5c7b00,5
671,100/213/2012/29ddbaae1e6067,5
672,100/213/2012/495f16bae89808,8
673,100/213/2012/5c78e013bd065a,3
674,100/213/2012/6151b1472f3753,4
675,100/213/2012/6a6675293a7e58,7
676,100/213/2012/6f922b59f730bb,8
677,100/213/2012/7b101a254956dc,8
678,100/213/2012/8c01d715eb8a58,2
679,100/213/2012/a050707a5a9fb7,1
680,100/213/2012/a7e64cd09f40e7,1
681,100/213/2012/a97c43bfe855d4,1
682,100/213/2012/a98d57ff0ee9c7,4
683,100/213/2012/ad2c229cbecb66,6
684,100/213/2012/ad705804b5bb61,6
685,100/213/2012/b04a47faab3c0c,3
686,100/213/2012/d65021f99b4c69,3
687,100/213/2012/df7766c6493cac,4
688,100/213/2012/e2e6ee31a37ecf,7
689,100/213/2012/ed6d0e5a66709e,2
690,100/213/2012/f0bfa982cace1a,5
691,100/213/2012/f20425429194ed,7
692,100/213/2013/0d6f953510bdbe,5
693,100/213/2013/0d7ae082926a7d,8
694,100/213/2013/14fc29c1292f34,3
695,100/213/2013/15eca7c14f5712,1
696,100/213/2013/196a066aa8a9e4,7
697,100/213/2013/21a83f47ddcf37,2
698,100/213/2013/2ab7ff49693422,2
699,100/213/2013/2e2bdf9c6e317c,1
700,100/213/2013/2e6568c0bdfc60,4
701,100/213/2013/334d128324cf6e,7
702,100/213/2013/347abfc9ed7c62,4
703,100/213/2013/3dc5117cd20445,8
704,100/213/2013/4978db2125e346,7
705,100/213/2013/572fff125d26b8,2
706,100/213/2013/65ee77d35d370a,5
707,100/213/2013/66e9326ebc2238,1
708,100/213/2013/674deccf7441ed,4
709,100/213/2013/705b457c2d5f30,4
710,100/213/2013/712f9dc7ca8c0f,8
711,100/213/2013/7532e0cc09c36e,7
712,100/213/2013/77fe931d03141a,4
713,100/213/2013/8313ae5966c79c,6
714,100/213/2013/88670e99d4789c,8
715,100/213/2013/8f8afe6f609571,7
716,100/213/2013/937196ecc43813,7
717,100/213/2013/9463d95b68da32,1
718,100/213/2013/98323c15c8c9a8,7
719,100/213/2013/9b668190c59787,5
720,100/213/2013/9dcf2d2b202b54,4
721,100/213/2013/a6219d953cbcf3,8
722,100/213/2013/a814cab7b0bae7,3
723,100/213/2013/a8897ab08b8bbf,4
724,100/213/2013/c024b454c16c71,7
725,100/213/2013/cb819ab8206043,3
726,100/213/2013/cc26fc4bbf3138,1
727,100/213/2013/d337e29b614298,7
728,100/213/2013/daeda17ae02f44,7
729,100/213/2013/de65badd0e5fb4,1
730,100/213/2013/e27509f540f8af,3
731,100/213/2013/fdc0a0fa39f808,6
732,100/213/2014/080213d9bf9d58,1
733,100/213/2014/102d8219d27c35,4
734,100/213/2014/16e787b8b0afae,6
735,100/213/2014/17c31ecf9b8bc8,4
736,100/213/2014/18e470925d8306,1
737,100/213/2014/1927e215cf490e,1
738,100/213/2014/1ed258c88bedd6,5
739,100/213/2014/25b15762f53b3b,7
740,100/213/2014/26a326ff1f6a19,7
741,100/213/2014/2ae060bbeab5db,8
742,100/213/2014/2d18b0ecddc410,7
743,100/213/2014/33df2c815b857c,6
744,100/213/2014/45e7d4162676cd,7
745,100/213/2014/47ccb14feb3fac,1
746,100/213/2014/68919e4e559cd7,1
747,100/213/2014/76bf78fe8fa9de,4
748,100/213/2014/7efa21ddc8107c,2
749,100/213/2014/8217fdf2f10540,7
750,100/213/2014/83bee3b8a0463c,7
751,100/213/2014/9033ef86f9398c,7
752,100/213/2014/90c7c962c5438f,4
753,100/213/2014/991c41d74ecf43,7
754,100/213/2014/a74bb9a0009a03,8
755,100/213/2014/aa7c229887ea80,1
756,100/213/2014/af8b1ba4484d4c,8
757,100/213/2014/b5bb582b7fdc48,7
758,100/213/2014/b6d22e71e5e0d2,7
759,100/213/2014/b81f04af60eba9,6
760,100/213/2014/bc40324b16bfd5,1
761,100/213/2014/c9d1d15283517e,7
762,100/213/2014/d6e4c0c3d9af21,8
763,100/213/2014/d8a4326603d1a4,4
764,100/213/2014/d8dcd35fd42a54,1
765,100/213/2014/daa6f6574d3862,8
766,100/213/2014/dae7f07f880b44,2
767,100/213/2014/e978f6f4ff0d9d,3
768,100/213/2014/ea764b4baed0c5,7
769,100/213/2014/edc721515dcab2,4
770,100/213/2014/f813c6b8c543fd,7
771,100/213/2014/fb9a578a612e07,7
772,100/213/2014/fe3d4d60b6eefa,1
773,100/214/2015/02413e6b9e5b6c,7
774,100/214/2015/0294aa9b7fc352,4
775,100/214/2015/0492dcf735f148,1
776,100/214/2015/04c3f8816ae327,5
777,100/214/2015/05f1658cf5809b,5
778,100/214/2015/0743ac7fbdd6d9,3
779,100/214/2015/084ccf960d1e26,6
780,100/214/2015/09bcc0b64442ff,5
781,100/214/2015/0b61b68e821623,6
782,100/214/2015/0dc95933c1d60c,3
783,100/214/2015/0e732fa48a0ba1,2
784,100/214/2015/0e81c5efb06b21,1
785,100/214/2015/12b4b1e3e2858c,1
786,100/214/2015/165fc8232af902,7
787,100/214/2015/16cc228943ac46,1
788,100/214/2015/1840a9a60c6dde,8
789,100/214/2015/1af5a779d9cf2e,2
790,100/214/2015/2047665669aa7c,4
791,100/214/2015/2245bcfce332e6,8
792,100/214/2015/263f5560c65ca5,8
793,100/214/2015/29118b8bce3780,4
794,100/214/2015/2af536693ac412,4
795,100/214/2015/2ebb975da6e75e,3
796,100/214/2015/30a486ee1503af,7
797,100/214/2015/334b31ab00dce5,8
798,100/214/2015/33d06ab9f9216e,5
799,100/214/2015/350cf0ce59a701,7
800,100/214/2015/3580a20b14ef56,1
801,100/214/2015/3b54bd71546d93,6
802,100/214/2015/3cf6347d37a393,6
803,100/214/2015/42f689bbb0031d,8
804,100/214/2015/444d7a49dcead7,3
805,100/214/2015/4636e5e8296414,7
806,100/214/2015/476210b97ff334,7
807,100/214/2015/49788a97a80e80,8
808,100/214/2015/499ad4b71517da,2
809,100/214/2015/4b9b549783aa65,1
810,100/214/2015/50ea8a5f82be76,2
811,100/214/2015/51d246e5649b29,2
812,100/214/2015/5349b0c03fc615,7
813,100/214/2015/53bf3b0a97ff82,1
814,100/214/2015/54b1f0b54278cc,7
815,100/214/2015/55d72101893296,7
816,100/214/2015/58739164d01099,4
817,100/214/2015/5a0e6e6c55e574,3
818,100/214/2015/633a1eabfd8958,7
819,100/214/2015/6605df5728c239,2
820,100/214/2015/67fb8ce677e814,4
821,100/214/2015/6ad1cd24e2a194,4
822,100/214/2015/6c110ce00744f2,8
823,100/214/2015/6c149853785075,5
824,100/214/2015/6c31975196929b,7
825,100/214/2015/6ec31935f191bd,8
826,100/214/2015/70cab3793f683d,1
827,100/214/2015/71ac9dd375dbc2,7
828,100/214/2015/723ce2e74afba5,4
829,100/214/2015/735790d893760d,7
830,100/214/2015/73bcf0eeef80f3,2
831,100/214/2015/77438eca8a69a8,7
832,100/214/2015/81fc88c9ee7a8d,4
833,100/214/2015/82a23a25ec1cc8,4
834,100/214/2015/83dd67f2664873,8
835,100/214/2015/8487cd0a4f713d,4
836,100/214/2015/8540b46289ef9e,2
837,100/214/2015/862ba88cf70033,3
838,100/214/2015/867b5c96a793e5,7
839,100/214/2015/88c2789bd922ec,6
840,100/214/2015/8f12c718abca00,8
841,100/214/2015/92c040cc3de87f,6
842,100/214/2015/947a3e26829275,5
843,100/214/2015/95bb17b84bc60f,3
844,100/214/2015/985dd84ed74a71,3
845,100/214/2015/9ddfd1da07ae25,4
846,100/214/2015/a1adde8d038048,5
847,100/214/2015/a2a037d3840313,2
848,100/214/2015/a48347bd4b7224,1
849,100/214/2015/a68459e9a63fd2,5
850,100/214/2015/ac19655065eafe,3
851,100/214/2015/b03247bc63260d,5
852,100/214/2015/b2b7bc49251050,5
853,100/214/2015/b6584f1480ead2,7
854,100/214/2015/b898e685aeb266,7
855,100/214/2015/b9c59d443be47f,2
856,100/214/2015/ba803a8d7bde12,8
857,100/214/2015/c07a5610b8a323,8
858,100/214/2015/c1465d5771205f,1
859,100/214/2015/c2386738e5e88f,7
860,100/214/2015/c23b85addb8b7b,6
861,100/214/2015/c2c7ed78e5717c,6
862,100/214/2015/c6a1a1d06e3bbe,4
863,100/214/2015/c8b5d0c9978616,2
864,100/214/2015/cb5ebfba3c9038,2
865,100/214/2015/cb9b2a44042be6,7
866,100/214/2015/cd20824540afcf,4
867,100/214/2015/cef63b2f00f932,4
868,100/214/2015/cf346406064dab,2
869,100/214/2015/d09e06c83e7f84,6
870,100/214/2015/d6eea41abe2656,8
871,100/214/2015/d6fdd04a8564ea,1
872,100/214/2015/d82b1946266510,5
873,100/214/2015/d8301207080a4f,4
874,100/214/2015/dc4ac49f202473,5
875,100/214/2015/dc9a723abb0bc1,3
876,100/214/2015/e0738a7d73bcd8,4
877,100/214/2015/e0db1d1ac7d6ca,6
878,100/214/2015/e2075fa15d31a3,1
879,100/214/2015/e337d24f4c6344,7
880,100/214/2015/e5511e4d68f286,1
881,100/214/2015/e9987be78469d5,1
882,100/214/2015/e9a79291f9254a,1
883,100/214/2015/e9fc2b2b219dce,1
884,100/214/2015/ea6d43de89c102,2
885,100/214/2015/ed2239f0678214,8
886,100/214/2015/ed981fac56a1a1,4
887,100/214/2015/ee5f65b63bfbc7,8
888,100/214/2015/f414de12af5ed6,4
889,100/214/2015/fa4534383eae0c,8
890,100/214/2015/fbf42b32db003f,6
891,100/214/2015/fceef09241e2ca,4
892,100/214/2015/fe487d6891d890,4
893,100/215/2008/03f0799b6d7811,1
894,100/215/2008/0426b38940a6d1,1
895,100/215/2008/1e36745cf95cdf,5
896,100/215/2008/23f231d9559297,7
897,100/215/2008/2c4e62b0361fef,6
898,100/215/2008/32527bacba78f8,1
899,100/215/2008/414952758eb503,1
900,100/215/2008/458f1b36927b53,3
901,100/215/2008/4d40c286c7494e,6
902,100/215/2008/70893b2d34e313,4
903,100/215/2008/73b4759f8661f2,5
904,100/215/2008/787655ed1bc044,6
905,100/215/2008/7f310013393037,7
906,100/215/2008/7f76d258f2b11d,5
907,100/215/2008/8cd1959485093d,2
908,100/215/2008/92dc261b84ac00,2
909,100/215/2008/954365a6e9140b,7
910,100/215/2008/95a1df17fc767b,4
911,100/215/2008/a2592c09edecd6,1
912,100/215/2008/a63e3b1949311a,2
913,100/215/2008/aa1c6da94f7410,1
914,100/215/2008/af09c2b67c2c67,1
915,100/215/2008/af46ff500aba61,5
916,100/215/2008/bf2a6b0ee7bcb9,2
917,100/215/2008/caa86312287264,5
918,100/215/2008/db6ca11443b948,6
919,100/215/2008/ddea8aff6c5451,7
920,100/215/2008/e78d0f5653d570,1
921,100/215/2008/eafe2a28a49a51,2
922,100/215/2008/f62fa796f49abf,7
923,100/215/2011/0023b6a993695b,2
924,100/215/2011/09018197faeba7,2
925,100/215/2011/09fd3eecf0eb95,4
926,100/215/2011/2354a3b9d0c36a,8
927,100/215/2011/23b87785b7ef21,3
928,100/215/2011/36c009cac6260d,1
929,100/215/2011/38822d82ca3cf7,3
930,100/215/2011/4237755646298f,1
931,100/215/2011/46a11a99246c99,8
932,100/215/2011/4da8e838d1dd54,2
933,100/215/2011/53addd8358f1a5,1
934,100/215/2011/5529c007de872b,5
935,100/215/2011/5b2a849d08a46a,7
936,100/215/2011/5fb4cd530180db,4
937,100/215/2011/6cbe0b862b3252,1
938,100/215/2011/6cff48bac9029f,2
939,100/215/2011/7f361a6674a6ac,5
940,100/215/2011/88e221108a0d75,2
941,100/215/2011/9125f73c777528,5
942,100/215/2011/98ec1128420ba5,7
943,100/215/2011/daba7128ff4f17,6
944,100/215/2011/e0724c589b91b0,8
945,100/215/2011/e24d8d0cfa3c01,7
946,100/215/2011/e5a511fb5ca393,8
947,100/215/2011/e9632033a5a814,3
948,100/215/2011/eaeef18bcff55f,7
949,100/215/2011/edf5db6f9990e1,4
950,100/215/2011/f1d22b16a4a6c4,6
951,100/215/2011/f337e42a0d39d4,7
952,100/215/2011/f91f74b5d9eb38,4
953,100/215/2013/08f337ec9b461b,6
954,100/215/2013/0c3ef9fe52e920,7
955,100/215/2013/1fa1a550de443c,4
956,100/215/2013/2090a7fa74bb4d,4
957,100/215/2013/20b69d0c7fa67e,8
958,100/215/2013/238da6fe2399d3,7
959,100/215/2013/28eacb0d1c748a,1
960,100/215/2013/3a11fc78463909,8
961,100/215/2013/588a9b5e24ea66,4
962,100/215/2013/5b57cf54980d8e,8
963,100/215/2013/607759ef835b3e,5
964,100/215/2013/7ad93bf517c987,4
965,100/215/2013/7b3999ba0aad79,1
966,100/215/2013/958cbd49f00fb6,5
967,100/215/2013/9852416c0c8892,7
968,100/215/2013/9c07139b119e64,5
969,100/215/2013/9dc05904bfc448,4
970,100/215/2013/9e0a2a5ad51b39,5
971,100/215/2013/a06962e9bbb92b,8
972,100/215/2013/a1bd75fc68b342,7
973,100/215/2013/af2d4fdd68da4a,7
974,100/215/2013/b8414195dffe96,6
975,100/215/2013/d7d7a0884d70ee,5
976,100/215/2013/d9d36153739948,4
977,100/215/2013/e21951f5c57b8b,2
978,100/215/2013/e23e64197222b6,7
979,100/215/2013/e52a13d8a62b59,5
980,100/215/2013/eeee9cf52f7dfd,3
981,100/215/2013/f485a805726cd0,8
982,100/215/2013/f4f9fec081a625,7
983,100/215/2014/02fa4f54a3779a,8
984,100/215/2014/048f50fce5ab95,2
985,100/215/2014/1399654192d9a5,6
986,100/215/2014/19fc2616e48d3d,7
987,100/215/2014/1a7edf2cdde00d,2
988,100/215/2014/1c3280df37603b,8
989,100/215/2014/235a172412a108,5
990,100/215/2014/32c288cc0503ee,4
991,100/215/2014/33fa7d2985626b,7
992,100/215/2014/3ccc4a1a31eb9b,7
993,100/215/2014/55bec6defb5cc4,5
994,100/215/2014/59269586e60020,3
995,100/215/2014/5967a002eeb38a,3
996,100/215/2014/62ecdfeae1403e,7
997,100/215/2014/63bec972769297,4
998,100/215/2014/67fe76cb6e1ec6,6
999,100/215/2014/6a5f4168c7cc4b,8
1000,100/215/2014/6aabd88f4d7270,5
1001,100/215/2014/6d3769e26f4bc2,5
1002,100/215/2014/6fd20b14edb51b,6
1003,100/215/2014/740ced4a2901ac,7
1004,100/215/2014/7e7e4e2bbe41c0,7
1005,100/215/2014/8253526fe5c1d4,7
1006,100/215/2014/881ec233b00a9d,6
1007,100/215/2014/8e85a4e1c4d751,6
1008,100/215/2014/971295f9bd22e5,3
1009,100/215/2014/97e1e62539e157,1
1010,100/215/2014/a05d73f59ac582,7
1011,100/215/2014/a2fedd2340f768,6
1012,100/215/2014/a73ebd4f377594,7
1013,100/215/2014/a9c5d148c6d0a0,4
1014,100/215/2014/a9e44dcefbc5e8,5
1015,100/215/2014/aa271a8ef53789,2
1016,100/215/2014/aa4412d5e479f8,5
1017,100/215/2014/aab96c8dc88d38,7
1018,100/215/2014/ac382491295aa6,7
1019,100/215/2014/b072837ead93fa,1
1020,100/215/2014/b75a7fd5db5234,1
1021,100/215/2014/baaba9f58f46ad,4
1022,100/215/2014/be292a99caeee2,5
1023,100/215/2014/c23f0aab8ea1e0,5
1024,100/215/2014/cb2567e631411d,1
1025,100/215/2014/cdcfcb66464f17,7
1026,100/215/2014/ce20c6aa6d24c6,7
1027,100/215/2014/cfb03e58740d67,6
1028,100/215/2014/d6219f22327790,8
1029,100/215/2014/d6c6ad02f7fd0c,2
1030,100/215/2014/d9f7489bb955fa,8
1031,100/215/2014/da61b39470f3c3,2
1032,100/215/2014/df8dbd3b4e2b15,4
1033,100/215/2014/e097e6f898e230,2
1034,100/215/2014/e0990e4d64c2a5,1
1035,100/215/2014/e4af7126f240f1,4
1036,100/215/2014/e519ebf8ad30c6,2
1037,100/215/2014/e5971fab918a75,4
1038,100/215/2014/ece6238414f46c,1
1039,100/215/2014/f2d6da949bd489,7
1040,100/215/2014/f5353be9c4974a,1
1041,100/215/2014/f54c738bcfbcfa,7
1042,100/215/2014/fd3409f3fa9eba,4
1043,100/216/2010/02a6ba1e7c92f9,8
1044,100/216/2010/02e6b573071380,5
1045,100/216/2010/04c48b9fff8c15,7
1046,100/216/2010/0b5615d003633f,1
1047,100/216/2010/0d3fbf0ea232a9,3
1048,100/216/2010/0f35c7eba49333,4
1049,100/216/2010/120639ed9e1bef,5
1050,100/216/2010/1b3ea1a39e6486,2
1051,100/216/2010/1be0dccdae5326,2
1052,100/216/2010/1f97addaa591b3,4
1053,100/216/2010/25caf1cac3cb84,6
1054,100/216/2010/310a2098900127,7
1055,100/216/2010/39ff297f63c670,6
1056,100/216/2010/3b04fc921c4520,5
1057,100/216/2010/3db7bdab63591a,1
1058,100/216/2010/3e00a543605033,1
1059,100/216/2010/3febe10426ba1a,4
1060,100/216/2010/4ca8966e5e6ca4,4
1061,100/216/2010/4fb3a5fbcbbd6d,8
1062,100/216/2010/51b8e87d9086e8,7
1063,100/216/2010/53ba4af3936626,7
1064,100/216/2010/5651b957a77f3c,4
1065,100/216/2010/5abc815fd21bcc,3
1066,100/216/2010/5f368d9e40bba6,7
1067,100/216/2010/61beda253e4c6a,8
1068,100/216/2010/6538d1e92edebd,5
1069,100/216/2010/72ac6239f2525c,7
1070,100/216/2010/782c4cbf6e0765,6
1071,100/216/2010/7a9e39f79aa056,7
1072,100/216/2010/7c722dd1fc4d1f,3
1073,100/216/2010/8656b369f838e4,4
1074,100/216/2010/881aa49a1e48bf,4
1075,100/216/2010/899dace2aac891,7
1076,100/216/2010/8d94bf29e252fe,6
1077,100/216/2010/9314d82852b678,8
1078,100/216/2010/93e5bf055e12d1,4
1079,100/216/2010/95d95a6ad8aeda,4
1080,100/216/2010/a8d6afbac3b7cf,7
1081,100/216/2010/aecf80f7ea01a4,7
1082,100/216/2010/b08b8f7bf22d83,6
1083,100/216/2010/b29d4afd9f1e34,3
1084,100/216/2010/b748e7a29b3ced,7
1085,100/216/2010/bf42a8a677581b,7
1086,100/216/2010/cdfde1ce6927ad,7
1087,100/216/2010/d216e54be04b14,5
1088,100/216/2010/d35e8bd2fe22bd,7
1089,100/216/2010/d93c7f8b65df32,5
1090,100/216/2010/db8e048db28905,4
1091,100/216/2010/dceea9a87e6453,1
1092,100/216/2010/e2b568dd56f718,7
1093,100/216/2010/e5d8ab96b51040,7
1094,100/216/2010/e60f4620541895,5
1095,100/216/2010/e66f8b7c872bf0,8
1096,100/216/2010/e7ccae39cb5d03,7
1097,100/216/2010/eea1631ec73699,3
1098,100/216/2010/f239f7b017ed24,4
1099,100/216/2010/f9a5e7e33e9ce5,1
1100,100/216/2010/f9f1b77333986d,1
1101,100/216/2012/0897dc9356c56a,6
1102,100/216/2012/19c2243fef4540,7
1103,100/216/2012/2009f90d5012f6,4
1104,100/216/2012/2381fd96db02bf,2
1105,100/216/2012/36726a00c6ea4a,6
1106,100/216/2012/44c90f88baac89,8
1107,100/216/2012/44ecbf20a05b1d,4
1108,100/216/2012/45fb44296d316f,4
1109,100/216/2012/48f2e7475567fe,5
1110,100/216/2012/4a452c34f021f2,8
1111,100/216/2012/4eebd52998d768,8
1112,100/216/2012/570a7f3b2849b4,7
1113,100/216/2012/57a9b16fb1d575,1
1114,100/216/2012/57f2a077e3e0f1,7
1115,100/216/2012/5931352a12bdf6,7
1116,100/216/2012/5a2d36cd0ea516,5
1117,100/216/2012/5dec82ca47249a,2
1118,100/216/2012/65b329cc156ee7,6
1119,100/216/2012/6b246dbfd73317,1
1120,100/216/2012/753dce82727903,7
1121,100/216/2012/80a3f4910defe8,1
1122,100/216/2012/80ac085f2a9570,7
1123,100/216/2012/9a7b299f70f0fb,7
1124,100/216/2012/9abe6cd92bf925,7
1125,100/216/2012/a3d21c878610f2,3
1126,100/216/2012/a7eecfb0a8903f,4
1127,100/216/2012/ace279d84327ba,8
1128,100/216/2012/b3967a94f259fd,2
1129,100/216/2012/b4b3b1c7c9da8a,1
1130,100/216/2012/ba3ffe8b587596,5
1131,100/216/2012/c0ffd0b4820ab1,7
1132,100/216/2012/c491deccabd13e,3
1133,100/216/2012/c7e947d1858fd5,1
1134,100/216/2012/c82bea4435ff7e,7
1135,100/216/2012/d34a736bc06ffa,2
1136,100/216/2012/d78f878b66031b,6
1137,100/216/2012/d8c1b883b7b248,4
1138,100/216/2012/d93b6bb56745a6,2
1139,100/216/2012/dcb483f90899ba,4
1140,100/216/2012/de90270905cadd,5
1141,100/216/2012/dee4db93b5ca53,3
1142,100/216/2012/e92581856fedc3,1
1143,100/216/2012/f16a2eafbd8c46,6
1144,100/216/2013/0289debcd02769,4
1145,100/216/2013/18dee6981a0cc9,8
1146,100/216/2013/1c03e8efb29be1,7
1147,100/216/2013/1c68997817b0fa,6
1148,100/216/2013/1e391f6e603814,1
1149,100/216/2013/24b499501990c1,7
1150,100/216/2013/311dd7b50c8ac9,8
1151,100/216/2013/4021332de5675e,7
1152,100/216/2013/61680b899eeb48,5
1153,100/216/2013/714b14b009fd76,8
1154,100/216/2013/723c230c8a79da,1
1155,100/216/2013/87a61cbfb6ad56,8
1156,100/216/2013/95d181a87ce4eb,2
1157,100/216/2013/b683c71fef4a32,6
1158,100/216/2013/b827eefc7c2774,1
1159,100/216/2013/cd4fdfe4ffa987,2
1160,100/216/2013/e4697e4257952d,7
1161,100/216/2013/ead054e0493b24,6
1162,100/216/2013/ffebaa86c3b350,6
1163,100/217/2013/1b9bf93d55b0bf,7
1164,100/217/2013/2860dcb678a1d9,8
1165,100/217/2013/31320782d9f300,6
1166,100/217/2013/63cb740561383b,4
1167,100/217/2013/ae18c338d543a7,2
1168,100/217/2013/b5eac55296e01e,5
1169,100/217/2013/c55c1f51968dd1,3
1170,100/217/2013/c84cf65bd643bd,6
1171,100/217/2013/cfb48e4c0cf0bd,1
1172,100/217/2013/deea46626e694c,7
1173,100/217/2014/17cd34e5ca78c4,2
1174,100/217/2014/3d58753ddbe09a,1
1175,100/217/2014/5be9312208a76a,5
1176,100/217/2014/6b384dcfc97476,7
1177,100/217/2014/6e6bf23d59dc81,6
1178,100/217/2014/8b7044980a4025,2
1179,100/217/2014/99668f336d1720,4
1180,100/217/2014/9e22cc7cb3f840,1
1181,100/217/2014/a86816e55d8002,6
1182,100/217/2014/ba5d1bb5052f6a,1
1183,100/217/2014/bce8efcf0ced1f,4
1184,100/217/2014/d723cb0399f608,8
1185,100/217/2014/dc2ea13570ca72,7
1186,100/217/2014/e11af9424c2115,4
1187,100/217/2014/e8264ea85ada22,4
1188,100/217/2014/ed41ceadb21e33,6
1189,100/218/2009/0511e11f308ed4,3
1190,100/218/2009/053b01e1961e3b,3
1191,100/218/2009/109653bafa4552,6
1192,100/218/2009/190c242aea0899,2
1193,100/218/2009/32482f0d033c20,4
1194,100/218/2009/3777e236559412,8
1195,100/218/2009/397f4424a9ef72,1
1196,100/218/2009/441a5b19f633d9,1
1197,100/218/2009/4cd015fee1ef68,4
1198,100/218/2009/547ac2dd75478f,4
1199,100/218/2009/5fbb5eb07b8c8b,1
1200,100/218/2009/613c310fff3f21,1
1201,100/218/2009/63f1ceb2ef432a,7
1202,100/218/2009/6460503510ac26,7
1203,100/218/2009/71fb59fbdaf716,6
1204,100/218/2009/7858b0c8044cd9,8
1205,100/218/2009/79edc5f4ddddfc,7
1206,100/218/2009/7fa114c6e45c89,4
1207,100/218/2009/82dcc1bab1f3e8,4
1208,100/218/2009/866a77a5e8b1a5,5
1209,100/218/2009/90c08f35ad3384,8
1210,100/218/2009/9315abc16aa36f,1
1211,100/218/2009/95312ce69b2e01,1
1212,100/218/2009/98d1c3b8bce244,7
1213,100/218/2009/9b7985487d8798,4
1214,100/218/2009/a17b7cc4a1928f,1
1215,100/218/2009/a240a25a2fcd04,2
1216,100/218/2009/a70475c78e04dc,2
1217,100/218/2009/c8c0cccbf1dacc,7
1218,100/218/2009/cc4b31f54e4155,2
1219,100/218/2009/cfaab19e347585,5
1220,100/218/2009/d26cb0c4e65803,8
1221,100/218/2009/d5884aa84ef586,6
1222,100/218/2009/e1c2782b6d4260,4
1223,100/218/2009/e5c4392e2e6260,1
1224,100/218/2009/eb88f111824afc,5
1225,100/219/2009/11b0343732e71e,1
1226,100/219/2009/4a33f67d62edfe,5
1227,100/219/2009/57b0c90ef7d805,8
1228,100/219/2009/6a9003e2be9e7f,7
1229,100/219/2009/6b6dd2489be0cb,2
1230,100/219/2009/a1b18a5d1bb5ff,7
1231,100/219/2009/acb30e448d2f84,1
1232,100/219/2009/aec9c8390e796e,2
1233,100/219/2009/be5d5e03208af9,6
1234,100/219/2009/c10a2d9eec6d87,6
1235,100/219/2009/e0e3bb29d5f5e0,5
1236,100/221/2009/020d1b99d3ea8b,3
1237,100/221/2009/0e0fd6a7777883,2
1238,100/221/2009/1e7b4fb6bbc381,4
1239,100/221/2009/237cdc23956c3c,8
1240,100/221/2009/46693f2217e34d,4
1241,100/221/2009/466c4e31385d07,2
1242,100/221/2009/55202a9788477d,4
1243,100/221/2009/56a4030ec98687,5
1244,100/221/2009/592ee4317e9d54,6
1245,100/221/2009/5fddaba3619ca1,7
1246,100/221/2009/66998c16763d43,1
1247,100/221/2009/6961cef641492e,5
1248,100/221/2009/73cee89e8f6c4f,5
1249,100/221/2009/7430553d902614,5
1250,100/221/2009/792d25ce13d983,8
1251,100/221/2009/7aec064928bb17,6
1252,100/221/2009/7ec12ed7d64cda,8
1253,100/221/2009/8ec4c67efb1559,5
1254,100/221/2009/90947345188521,7
1255,100/221/2009/923efa5f8ae503,7
1256,100/221/2009/9db00c0a45fe39,8
1257,100/221/2009/af219325ec1652,1
1258,100/221/2009/b88bd1abbec14d,8
1259,100/221/2009/f3147720052aa0,5
1260,100/221/unknown/088cfacfe69f5d,4
1261,100/221/unknown/0b3a14edc58013,4
1262,100/221/unknown/17907294ffc968,6
1263,100/221/unknown/1c95121d1965ba,6
1264,100/221/unknown/301edf7067ea67,1
1265,100/221/unknown/3f71f6c411fe94,8
1266,100/221/unknown/41c06d0e6bb52e,1
1267,100/221/unknown/42dc1995eca201,7
1268,100/221/unknown/4327e43d4b6193,4
1269,100/221/unknown/46e50fcf18a7e4,2
1270,100/221/unknown/554479e2f06abf,7
1271,100/221/unknown/5a6149c88f8939,2
1272,100/221/unknown/67b91896cf0a59,7
1273,100/221/unknown/7bbf9220ab5370,5
1274,100/221/unknown/a3c4657f1f320f,4
1275,100/221/unknown/aa43dd7937942a,4
1276,100/221/unknown/b4cd8ecc8ba374,7
1277,100/221/unknown/ba333f5dedb9ae,8
1278,100/221/unknown/bf2c15ff1fb9e6,6
1279,100/221/unknown/c1c6ecf072422d,7
1280,100/221/unknown/c2731c1d955763,7
1281,100/221/unknown/c406c3ce39ae8f,7
1282,100/221/unknown/c6d9bb3c2e3b05,8
1283,100/221/unknown/d0ec6bf4e13961,5
1284,100/221/unknown/d488f42a23d5dd,4
1285,100/221/unknown/d79deca8d60450,5
1286,100/221/unknown/f4b09b8b1c1e27,2
1287,100/221/unknown/f9e1f65fa41c5b,3
1288,100/221/unknown/fa6d125ff78d68,5
1289,100/221/unknown/ffcaf2fae2b66a,1
1290,100/222/2013/27bd67bec437b3,6
1291,100/222/2013/3d4b7387f63712,7
1292,100/222/2013/418afcb7cb352e,2
1293,100/222/2013/585a34fda733a3,5
1294,100/222/2013/59acabf9ca8d80,5
1295,100/222/2013/6b401ff076d793,7
1296,100/222/2013/874ecc800547cb,1
1297,100/222/2013/8c2c16d8fa2745,3
1298,100/222/2013/94558ee8f2f29a,8
1299,100/222/2013/98e8db9a3163f3,2
1300,100/222/2013/b878191e59824e,8
1301,100/222/2013/c287d3fa4358e5,8
1302,100/222/2013/c395cd9091dc08,2
1303,100/222/2013/c786060b8072a6,7
1304,100/222/2013/cd49c23d9a5781,1
1305,100/222/2013/cf6fdb77ad17cf,6
1306,100/222/2013/d9f1410b1260f7,6
1307,100/222/2013/e7e46c98641ca1,7
1308,100/222/2013/f7f01544be0770,7
1309,100/222/2013/ffbc8ae96c15d4,8
1310,100/223/2013/068c85107a6891,7
1311,100/223/2013/2783b6b8e2fecb,6
1312,100/223/2013/339bd247a91ebf,8
1313,100/223/2013/431b967c252369,6
1314,100/223/2013/91102620699146,7
1315,100/223/2013/cbb9b4c15d3cd9,7
1316,100/223/2013/cfa3557d0c9eb1,7
1317,100/223/2013/e56715d9aefb67,7
1318,100/226/2002/003382a2b48bf3,5
1319,100/226/2002/0b951d76785ba8,7
1320,100/226/2002/0c49ce321aa4eb,7
1321,100/226/2002/0e2fd4ed4be24d,7
1322,100/226/2002/109461f0e1a2de,4
1323,100/226/2002/11b3911dcc0a1f,7
1324,100/226/2002/178e2a8d4e7a6c,4
1325,100/226/2002/187ead890d14e3,4
1326,100/226/2002/191a1f9cf22429,1
1327,100/226/2002/19fd7a57254877,8
1328,100/226/2002/1e2ca4eac9ab9f,8
1329,100/226/2002/1f8d591267b1af,7
1330,100/226/2002/20b995d4a25ea0,1
1331,100/226/2002/23f08f9631d0da,4
1332,100/226/2002/299c799b44c817,5
1333,100/226/2002/30076af555b89e,4
1334,100/226/2002/31184a72bb66ba,4
1335,100/226/2002/349aa43b12bffc,1
1336,100/226/2002/365a9f61853fb9,4
1337,100/226/2002/3884bfde40c045,8
1338,100/226/2002/444c7ba6ba55c3,1
1339,100/226/2002/4946859d8da4d4,8
1340,100/226/2002/4e358a1c49325c,8
1341,100/226/2002/54e76f5400b15c,7
1342,100/226/2002/589fe5e6ce82d4,7
1343,100/226/2002/5944b4e083c6eb,1
1344,100/226/2002/5a099edab9ce27,8
1345,100/226/2002/5c217260f732f3,5
1346,100/226/2002/60786725382505,4
1347,100/226/2002/62b160c24f5e9e,7
1348,100/226/2002/6a9b1fdfa28d81,8
1349,100/226/2002/70e72067042131,8
1350,100/226/2002/732cfddbe23e50,7
1351,100/226/2002/78d4ff9f0b7427,1
1352,100/226/2002/7b47297807c39d,1
1353,100/226/2002/7ecd93ed956f9b,6
1354,100/226/2002/80245f3b3f15a3,4
1355,100/226/2002/87bbf1f5ca681b,7
1356,100/226/2002/95ada88c9b184f,7
1357,100/226/2002/9a6188018c432c,4
1358,100/226/2002/9ba98456d75b7d,7
1359,100/226/2002/9d888647488465,8
1360,100/226/2002/a47bc31e4f6863,4
1361,100/226/2002/b26296fde81fa6,7
1362,100/226/2002/b4e84b64dfe0df,7
1363,100/226/2002/b6e47c52362d92,1
1364,100/226/2002/b7aa9ab1b47feb,6
1365,100/226/2002/c037a1de6b15cd,2
1366,100/226/2002/cf1167223ea7e8,4
1367,100/226/2002/d5c3963c15b23b,4
1368,100/226/2002/dc34692f68921f,1
1369,100/226/2002/dd50d56850d1bb,5
1370,100/226/2002/df7c1fe0cf3075,6
1371,100/226/2002/ea28b59b16dc9c,4
1372,100/226/2002/f1c542a94d24b1,4
1373,100/226/2002/f814318a2d20d5,4
1374,100/226/2002/f96fec155cd727,4
1375,100/226/2003/014667a04c7eff,4
1376,100/226/2003/02f720b4e2ff2f,6
1377,100/226/2003/3ab08eda2d6432,7
1378,100/226/2003/9870e17b2bb6d7,2
1379,100/226/2003/aa81fe5d095b06,7
1380,100/226/2003/d591934aa36d88,4
1381,100/226/2012/1222a17c8c77d2,1
1382,100/226/2012/129b8a4fce51c9,5
1383,100/226/2012/15fa6f1afb69c2,7
1384,100/226/2012/1aa9da26715af0,7
1385,100/226/2012/4bdc2a9bfd6b55,6
1386,100/226/2012/4c1eb4f87c780d,6
1387,100/226/2012/4eeb30027453cf,4
1388,100/226/2012/518860d7d64d3f,6
1389,100/226/2012/5b764d66d15afe,8
1390,100/226/2012/5c08cd7b5e36a3,4
1391,100/226/2012/6084f2d9adffc7,5
1392,100/226/2012/6c415ac92b574d,4
1393,100/226/2012/736ad867079e5d,2
1394,100/226/2012/7509e416b7172d,4
1395,100/226/2012/8553abe78602aa,4
1396,100/226/2012/88b098b281b9bb,8
1397,100/226/2012/9ad23820a36274,8
1398,100/226/2012/a452f2f32f1986,4
1399,100/226/2012/ab58ce78a479aa,8
1400,100/226/2012/d9ae6fa91dd2bc,1
1401,100/226/2012/dc2c5f6b78d71f,2
1402,100/226/2012/de71e700fdd304,5
1403,100/226/2012/f80d86849bc959,6
1404,100/226/2012/fbd94624fba7b6,2
1405,100/226/2012/fce808c8250fa2,6
1406,100/226/2015/41470a16a4363f,2
1407,100/226/2015/55dc809e21353d,4
1408,100/226/2015/6807120b1f55a0,8
1409,100/226/2015/72b4cd753eced2,1
1410,100/226/2015/a3f99980f8c965,7
1411,100/227/2014/0cd5ae695cc64f,7
1412,100/227/2014/0d4d9b90a05d76,7
1413,100/227/2014/0f644e34f47fb6,5
1414,100/227/2014/123c6c44e25c78,4
1415,100/227/2014/32d5bcff9e9c6b,8
1416,100/227/2014/348b92c1555329,3
1417,100/227/2014/3629d0bd61e36a,2
1418,100/227/2014/45a5c4c376203b,7
1419,100/227/2014/4918923de3877f,5
1420,100/227/2014/55b5e6e1045cb1,4
1421,100/227/2014/596d512d0f22d5,3
1422,100/227/2014/6b9bb02a6f8467,7
1423,100/227/2014/840c030f46fb7e,1
1424,100/227/2014/91e4fc5b72a229,8
1425,100/227/2014/947745a3a476f7,4
1426,100/227/2014/9669ebb04f83d6,7
1427,100/227/2014/9dc966e9ca94d9,7
1428,100/227/2014/a07b91cbc36b29,1
1429,100/227/2014/a87ef9a11ab001,6
1430,100/227/2014/c2b524448faa53,1
1431,100/227/2014/ca107539b9c93b,6
1432,100/227/2014/dff83fe0c7ee46,3
1433,100/227/2014/e6e41ec7b13860,7
1434,100/227/2014/ef6293496c65a5,7
1435,100/227/2014/fa7c6d4ba83d9d,1
1436,100/227/2014/fc362862013589,8
1437,100/228/2011/079685ac702e26,6
1438,100/228/2011/55abd6f6eaccd5,8
1439,100/228/2011/6b320be02f0716,8
1440,100/228/2011/6e2d2b1aa30813,6
1441,100/228/2011/a7f95c109ffe08,7
1442,100/228/2011/b219e96cb9b84f,4
1443,100/228/2011/e8e4f0d140ca0a,7
1444,100/229/2012/005dc7c120137c,4
1445,100/229/2012/054083368b90a6,4
1446,100/229/2012/107640936ba84d,8
1447,100/229/2012/1678b5bb59e0ec,6
1448,100/229/2012/50aa9ced41677f,6
1449,100/229/2012/54ca95bcd45579,3
1450,100/229/2012/570d952cb15898,4
1451,100/229/2012/5d5e2c68142f6b,7
1452,100/229/2012/6a7060846a8cb3,3
1453,100/229/2012/789c415da968a8,7
1454,100/229/2012/8e388df54624cf,4
1455,100/229/2012/8f86432c1a784d,4
1456,100/229/2012/9631264153cbc9,7
1457,100/229/2012/9c28b98efdcb7e,7
1458,100/229/2012/aa65692100470d,5
1459,100/229/2012/abe8c4e1746c1a,4
1460,100/229/2012/b100bd76dd4ce0,4
1461,100/229/2012/bb705594e363a1,3
1462,100/229/2012/c96783bd54e7e3,8
1463,100/229/2012/c9b78dded39be6,8
1464,100/229/2012/cd90745af1625b,4
1465,100/229/2012/cdd4709c7ba48e,7
1466,100/229/2012/d5647c2d085948,7
1467,100/229/2012/d99d3fc89425d9,3
1468,100/229/2012/da41a990d096d8,7
1469,100/229/2012/e8403022fd2d3f,7
1470,100/229/2012/e933402bd9be65,7
1471,100/229/2012/e9b8f3ebc502ff,7
1472,100/229/2012/ec2617a18d5f39,7
1473,100/229/2012/f24b632112ac97,7
1474,100/229/2012/f575eb8f6d7923,7
1475,100/229/2012/fd8a4022327812,7
1476,100/229/2012/ff8a1370a501a8,5
1477,100/230/2006/638f617e0a494a,7
1478,100/230/2006/89b941e8f82a6c,6
1479,100/230/2006/92edf4ec1066af,5
1480,100/230/2006/d76094f6692c6d,6
1481,100/230/2006/e588aec5bad7c1,7
1482,100/231/2011/1eb43af92e6d4c,7
1483,100/231/2011/2ee7dab8f64785,8
1484,100/231/2011/34ea67b1917419,8
1485,100/231/2011/5ce0673f2ba7f3,4
1486,100/231/2011/6b3289d5cf746a,8
1487,100/231/2011/8b5b2d8dd6becc,6
1488,100/231/2011/a71bbf6de16b3e,6
1489,100/231/2011/d411e3c3c592a0,7
1490,100/231/2011/e0652ee424e024,6
1491,100/231/2011/e3c1b05b16f92c,8
1492,100/232/2010/05c34ef7c750b1,1
1493,100/232/2010/0808a8c78f89ad,7
1494,100/232/2010/0b6251075c093f,7
1495,100/232/2010/0d159c45e32610,8
1496,100/232/2010/0dc155ff6123d8,7
1497,100/232/2010/172749614d8afb,5
1498,100/232/2010/1f2ab0dcac7395,4
1499,100/232/2010/1f444a8d3e7aee,5
1500,100/232/2010/226bc39fee9bc8,7
1501,100/232/2010/229b366809022c,4
1502,100/232/2010/25f154132f7b3f,6
1503,100/232/2010/30bb4bfc248659,4
1504,100/232/2010/3376e4fd574a97,7
1505,100/232/2010/349153ef190288,1
1506,100/232/2010/352c5f4dd514e6,6
1507,100/232/2010/3e6d314451243e,6
1508,100/232/2010/41763dc02797da,2
1509,100/232/2010/421530d369e8c0,5
1510,100/232/2010/43dfb3e6a95251,1
1511,100/232/2010/469a8462375721,7
1512,100/232/2010/46daf21fb25a9a,8
1513,100/232/2010/47b1b4f444ac9f,7
1514,100/232/2010/4af98e49029a71,5
1515,100/232/2010/4c0a9600b9ae1d,8
1516,100/232/2010/4e29aa23f90714,4
1517,100/232/2010/51d6dcc2664be7,2
1518,100/232/2010/56d81c2ea4eebe,6
1519,100/232/2010/5dbdcc4c8d8d20,1
1520,100/232/2010/5f333a1242bf17,4
1521,100/232/2010/5f61ee1055b5bf,4
1522,100/232/2010/61cbed089571a5,4
1523,100/232/2010/62c72542689b6c,3
1524,100/232/2010/6424acf94b2bcb,1
1525,100/232/2010/64dc31b0a11476,2
1526,100/232/2010/68e7937047c7d5,1
1527,100/232/2010/69ca39ca6a6b73,3
1528,100/232/2010/6ab1def8e9030a,3
1529,100/232/2010/6ba0d7ae06735a,8
1530,100/232/2010/6c5b4cf685c575,3
1531,100/232/2010/6dcde1e7229831,7
1532,100/232/2010/7427fc3a5b51ae,7
1533,100/232/2010/749db2a05cc0bd,4
1534,100/232/2010/752253e8da6e97,7
1535,100/232/2010/78f253c387b8f3,7
1536,100/232/2010/7b23f71fa781c4,7
1537,100/232/2010/7f657e52bdf245,2
1538,100/232/2010/7fd4fd9c3e466a,7
1539,100/232/2010/807ee68265d066,7
1540,100/232/2010/838b1a884dc533,4
1541,100/232/2010/83ccdff3040bbf,4
1542,100/232/2010/845f3d3feaa933,7
1543,100/232/2010/871f220fef2f8f,8
1544,100/232/2010/8a0cb6ab65f226,7
1545,100/232/2010/8a8b1138a4082f,6
1546,100/232/2010/918861e673794c,7
1547,100/232/2010/956f7e12ec401b,7
1548,100/232/2010/96660d24d72b06,7
1549,100/232/2010/9877fd9e25be6a,8
1550,100/232/2010/a0c43cf3bddbc0,2
1551,100/232/2010/a4d1b8d0e6f546,5
1552,100/232/2010/a5a2fb0dddbdd6,7
1553,100/232/2010/a5b2c5e05b1bed,5
1554,100/232/2010/a7ea88cc1cfc7b,8
1555,100/232/2010/acc81f236a7a5e,7
1556,100/232/2010/af51b9ab28d273,7
1557,100/232/2010/b688584eecdf6d,4
1558,100/232/2010/b9a4f12103486f,8
1559,100/232/2010/bb1e0e08fb794f,1
1560,100/232/2010/bb21b6e752c7aa,5
1561,100/232/2010/bd9c2beef73eb8,6
1562,100/232/2010/c7e54584ceddff,7
1563,100/232/2010/c885b905b066b7,8
1564,100/232/2010/cd8e979aaed038,7
1565,100/232/2010/d30bf8b673f457,7
1566,100/232/2010/d4f1370b17914d,7
1567,100/232/2010/d63d782c4a4529,5
1568,100/232/2010/de621e7dfa4c5b,4
1569,100/232/2010/dfc9b0f78f5e32,4
1570,100/232/2010/e1aa9b534dbcc6,7
1571,100/232/2010/e55acc4af06f7f,1
1572,100/232/2010/e8a163e899406e,8
1573,100/232/2010/ea663eb3c8520e,6
1574,100/232/2010/ec8153b264092d,6
1575,100/232/2010/edfed61464c4ad,6
1576,100/232/2010/f38402281828e7,8
1577,100/232/2010/f99fc73f170b24,4
1578,100/232/2010/fae8223e8ba741,6
1579,100/232/2010/fe83643a5687a2,2
1580,100/233/2010/13aa59a4bd80bd,4
1581,100/233/2010/1e80553c065bd9,8
1582,100/233/2010/2cfad2a35bb483,1
1583,100/233/2010/2ea8c19e41e7f4,5
1584,100/233/2010/300c73fae0e576,6
1585,100/233/2010/3112379452cb76,5
1586,100/233/2010/45f1bc2a749539,6
1587,100/233/2010/4693905315feb4,7
1588,100/233/2010/6a4c1bd407a966,7
1589,100/233/2010/768c0ba94af83f,6
1590,100/233/2010/7e5da2e3abc1ef,8
1591,100/233/2010/7fe949c4d5f443,7
1592,100/233/2010/82d271b22a3c25,7
1593,100/233/2010/8b61bc3182bcd8,3
1594,100/233/2010/932a45c298fad1,4
1595,100/233/2010/a29d3f0f3b1784,7
1596,100/233/2010/a33e595e87c0e8,7
